product_id,category,sub_category,sub_sub_category,main_color,image_one
385,Women,Dresses,NULL,Black,https://d1it09c4puycyh.cloudfront.net/355x503/catalog/product/4/_/4_1_5.jpg
385,Women,Dresses,NULL,Black,https://d1it09c4puycyh.cloudfront.net/355x503/catalog/product/4/_/4_1_5.jpg
385,Women,Dresses,NULL,Black,https://d1it09c4puycyh.cloudfront.net/355x503/catalog/product/4/_/4_1_5.jpg
385,Women,Dresses,NULL,Black,https://d1it09c4puycyh.cloudfront.net/355x503/catalog/product/4/_/4_1_5.jpg
428,Women,Dresses,NULL,Black,https://d1it09c4puycyh.cloudfront.net/355x503/catalog/product/1/_/1_2_1.jpg
428,Women,Dresses,NULL,Black,https://d1it09c4puycyh.cloudfront.net/355x503/catalog/product/1/_/1_2_1.jpg
428,Women,Dresses,NULL,Black,https://d1it09c4puycyh.cloudfront.net/355x503/catalog/product/1/_/1_2_1.jpg
451,Women,Dresses,NULL,Silver,https://d1it09c4puycyh.cloudfront.net/355x503/catalog/product/1/_/1_1_6.jpg
451,Women,Dresses,NULL,Silver,https://d1it09c4puycyh.cloudfront.net/355x503/catalog/product/1/_/1_1_6.jpg
451,Women,Dresses,NULL,Silver,https://d1it09c4puycyh.cloudfront.net/355x503/catalog/product/1/_/1_1_6.jpg
455,Women,Dresses,NULL,"8,61,850",https://d1it09c4puycyh.cloudfront.net/355x503/catalog/product/1/_/1_1_7.jpg
455,Women,Dresses,NULL,"8,61,850",https://d1it09c4puycyh.cloudfront.net/355x503/catalog/product/1/_/1_1_7.jpg
455,Women,Dresses,NULL,"8,61,850",https://d1it09c4puycyh.cloudfront.net/355x503/catalog/product/1/_/1_1_7.jpg
455,Women,Dresses,NULL,"8,61,850",https://d1it09c4puycyh.cloudfront.net/355x503/catalog/product/1/_/1_1_7.jpg
467,Women,Dresses,NULL,Red,https://d1it09c4puycyh.cloudfront.net/355x503/catalog/product/1/_/1_2_4.jpg
467,Women,Dresses,NULL,Red,https://d1it09c4puycyh.cloudfront.net/355x503/catalog/product/1/_/1_2_4.jpg
467,Women,Dresses,NULL,Red,https://d1it09c4puycyh.cloudfront.net/355x503/catalog/product/1/_/1_2_4.jpg
491,Women,Dresses,NULL,Black,https://d1it09c4puycyh.cloudfront.net/355x503/catalog/product/1/_/1_2_10.jpg
491,Women,Dresses,NULL,Black,https://d1it09c4puycyh.cloudfront.net/355x503/catalog/product/1/_/1_2_10.jpg
509,Women,Two Piece Set,NULL,Black,https://d1it09c4puycyh.cloudfront.net/355x503/catalog/product/1/_/1_3_4.jpg
566,Women,"Jumpsuits, Playsuits And Rompers",NULL,"8,60,853",https://d1it09c4puycyh.cloudfront.net/355x503/catalog/product/1/_/1_2_26.jpg
566,Women,"Jumpsuits, Playsuits And Rompers",NULL,"8,60,853",https://d1it09c4puycyh.cloudfront.net/355x503/catalog/product/1/_/1_2_26.jpg
566,Women,"Jumpsuits, Playsuits And Rompers",NULL,"8,60,853",https://d1it09c4puycyh.cloudfront.net/355x503/catalog/product/1/_/1_2_26.jpg
566,Women,"Jumpsuits, Playsuits And Rompers",NULL,"8,60,853",https://d1it09c4puycyh.cloudfront.net/355x503/catalog/product/1/_/1_2_26.jpg
579,Women,"Jumpsuits, Playsuits And Rompers",NULL,Brown,https://d1it09c4puycyh.cloudfront.net/355x503/catalog/product/1/_/1_2_28.jpg
579,Women,"Jumpsuits, Playsuits And Rompers",NULL,Brown,https://d1it09c4puycyh.cloudfront.net/355x503/catalog/product/1/_/1_2_28.jpg
579,Women,"Jumpsuits, Playsuits And Rompers",NULL,Brown,https://d1it09c4puycyh.cloudfront.net/355x503/catalog/product/1/_/1_2_28.jpg
625,Women,Dresses,NULL,"8,61,853",https://d1it09c4puycyh.cloudfront.net/355x503/catalog/product/1/_/1_3_13.jpg
625,Women,Dresses,NULL,"8,61,853",https://d1it09c4puycyh.cloudfront.net/355x503/catalog/product/1/_/1_3_13.jpg
625,Women,Dresses,NULL,"8,61,853",https://d1it09c4puycyh.cloudfront.net/355x503/catalog/product/1/_/1_3_13.jpg
681,Women,Shirts,NULL,White,https://d1it09c4puycyh.cloudfront.net/355x503/catalog/product/l/l/lls14822_1.jpg
681,Women,Shirts,NULL,White,https://d1it09c4puycyh.cloudfront.net/355x503/catalog/product/l/l/lls14822_1.jpg
681,Women,Shirts,NULL,White,https://d1it09c4puycyh.cloudfront.net/355x503/catalog/product/l/l/lls14822_1.jpg
681,Women,Shirts,NULL,White,https://d1it09c4puycyh.cloudfront.net/355x503/catalog/product/l/l/lls14822_1.jpg
681,Women,Shirts,NULL,White,https://d1it09c4puycyh.cloudfront.net/355x503/catalog/product/l/l/lls14822_1.jpg
681,Women,Shirts,NULL,White,https://d1it09c4puycyh.cloudfront.net/355x503/catalog/product/l/l/lls14822_1.jpg
688,Women,Dresses,NULL,"8,59,853",https://d1it09c4puycyh.cloudfront.net/355x503/catalog/product/l/l/lls14927_1.jpg
702,Women,Coats And Jackets,Jackets,"8,51,847",https://d1it09c4puycyh.cloudfront.net/355x503/catalog/product/m/f/mfluluslls14840_3.jpg
702,Women,Coats And Jackets,Jackets,"8,51,847",https://d1it09c4puycyh.cloudfront.net/355x503/catalog/product/m/f/mfluluslls14840_3.jpg
710,Women,Dresses,NULL,"8,51,847",https://d1it09c4puycyh.cloudfront.net/355x503/catalog/product/l/l/lls14854_1.jpg
710,Women,Dresses,NULL,"8,51,847",https://d1it09c4puycyh.cloudfront.net/355x503/catalog/product/l/l/lls14854_1.jpg
726,Women,Tops,NULL,"8,61,847",https://d1it09c4puycyh.cloudfront.net/355x503/catalog/product/l/l/lls14923_1.jpg
726,Women,Tops,NULL,"8,61,847",https://d1it09c4puycyh.cloudfront.net/355x503/catalog/product/l/l/lls14923_1.jpg
728,Women,Jeans And Trousers,Leggings,Black,https://d1it09c4puycyh.cloudfront.net/355x503/catalog/product/m/f/mfluluslls14841_2.jpg
728,Women,Jeans And Trousers,Leggings,Black,https://d1it09c4puycyh.cloudfront.net/355x503/catalog/product/m/f/mfluluslls14841_2.jpg
726,Women,Tops,NULL,"8,61,847",https://d1it09c4puycyh.cloudfront.net/355x503/catalog/product/l/l/lls14923_1.jpg
728,Women,Jeans And Trousers,Leggings,Black,https://d1it09c4puycyh.cloudfront.net/355x503/catalog/product/m/f/mfluluslls14841_2.jpg
726,Women,Tops,NULL,"8,61,847",https://d1it09c4puycyh.cloudfront.net/355x503/catalog/product/l/l/lls14923_1.jpg
739,Women,Two Piece Set,NULL,Black,https://d1it09c4puycyh.cloudfront.net/355x503/catalog/product/1/_/1_3_17.jpg
739,Women,Two Piece Set,NULL,Black,https://d1it09c4puycyh.cloudfront.net/355x503/catalog/product/1/_/1_3_17.jpg
739,Women,Two Piece Set,NULL,Black,https://d1it09c4puycyh.cloudfront.net/355x503/catalog/product/1/_/1_3_17.jpg
767,Women,Tops,NULL,White,https://d1it09c4puycyh.cloudfront.net/355x503/catalog/product/l/l/lls14846_1.jpg
767,Women,Tops,NULL,White,https://d1it09c4puycyh.cloudfront.net/355x503/catalog/product/l/l/lls14846_1.jpg
767,Women,Tops,NULL,White,https://d1it09c4puycyh.cloudfront.net/355x503/catalog/product/l/l/lls14846_1.jpg
772,Women,Dresses,NULL,Blue,https://d1it09c4puycyh.cloudfront.net/355x503/catalog/product/1/_/1_3_19.jpg
772,Women,Dresses,NULL,Blue,https://d1it09c4puycyh.cloudfront.net/355x503/catalog/product/1/_/1_3_19.jpg
772,Women,Dresses,NULL,Blue,https://d1it09c4puycyh.cloudfront.net/355x503/catalog/product/1/_/1_3_19.jpg
797,Women,Skirts,NULL,Red,https://d1it09c4puycyh.cloudfront.net/355x503/catalog/product/l/l/lls14852_2.jpg
797,Women,Skirts,NULL,Red,https://d1it09c4puycyh.cloudfront.net/355x503/catalog/product/l/l/lls14852_2.jpg
797,Women,Skirts,NULL,Red,https://d1it09c4puycyh.cloudfront.net/355x503/catalog/product/l/l/lls14852_2.jpg
806,Women,"Jumpsuits, Playsuits And Rompers",NULL,Beige,https://d1it09c4puycyh.cloudfront.net/355x503/catalog/product/l/s/lse06_1.jpg
806,Women,"Jumpsuits, Playsuits And Rompers",NULL,Beige,https://d1it09c4puycyh.cloudfront.net/355x503/catalog/product/l/s/lse06_1.jpg
806,Women,"Jumpsuits, Playsuits And Rompers",NULL,Beige,https://d1it09c4puycyh.cloudfront.net/355x503/catalog/product/l/s/lse06_1.jpg
806,Women,"Jumpsuits, Playsuits And Rompers",NULL,Beige,https://d1it09c4puycyh.cloudfront.net/355x503/catalog/product/l/s/lse06_1.jpg
817,Women,Dresses,NULL,White,https://d1it09c4puycyh.cloudfront.net/355x503/catalog/product/1/_/1_8_1.jpg
817,Women,Dresses,NULL,White,https://d1it09c4puycyh.cloudfront.net/355x503/catalog/product/1/_/1_8_1.jpg
817,Women,Dresses,NULL,White,https://d1it09c4puycyh.cloudfront.net/355x503/catalog/product/1/_/1_8_1.jpg
817,Women,Dresses,NULL,White,https://d1it09c4puycyh.cloudfront.net/355x503/catalog/product/1/_/1_8_1.jpg
823,Women,Dresses,NULL,Red,https://d1it09c4puycyh.cloudfront.net/355x503/catalog/product/l/s/lsg07_1_1.jpg
823,Women,Dresses,NULL,Red,https://d1it09c4puycyh.cloudfront.net/355x503/catalog/product/l/s/lsg07_1_1.jpg
823,Women,Dresses,NULL,Red,https://d1it09c4puycyh.cloudfront.net/355x503/catalog/product/l/s/lsg07_1_1.jpg
823,Women,Dresses,NULL,Red,https://d1it09c4puycyh.cloudfront.net/355x503/catalog/product/l/s/lsg07_1_1.jpg
840,Women,Jeans And Trousers,Joggers,Blue,https://d1it09c4puycyh.cloudfront.net/355x503/catalog/product/l/l/lls14851_1.jpg
840,Women,Jeans And Trousers,Joggers,Blue,https://d1it09c4puycyh.cloudfront.net/355x503/catalog/product/l/l/lls14851_1.jpg
840,Women,Jeans And Trousers,Joggers,Blue,https://d1it09c4puycyh.cloudfront.net/355x503/catalog/product/l/l/lls14851_1.jpg
840,Women,Jeans And Trousers,Joggers,Blue,https://d1it09c4puycyh.cloudfront.net/355x503/catalog/product/l/l/lls14851_1.jpg
840,Women,Jeans And Trousers,Joggers,Blue,https://d1it09c4puycyh.cloudfront.net/355x503/catalog/product/l/l/lls14851_1.jpg
840,Women,Jeans And Trousers,Joggers,Blue,https://d1it09c4puycyh.cloudfront.net/355x503/catalog/product/l/l/lls14851_1.jpg
853,Women,"Jumpsuits, Playsuits And Rompers",NULL,Multi,https://d1it09c4puycyh.cloudfront.net/355x503/catalog/product/m/f/mfluluslls14817_2_1.jpg
853,Women,"Jumpsuits, Playsuits And Rompers",NULL,Multi,https://d1it09c4puycyh.cloudfront.net/355x503/catalog/product/m/f/mfluluslls14817_2_1.jpg
853,Women,"Jumpsuits, Playsuits And Rompers",NULL,Multi,https://d1it09c4puycyh.cloudfront.net/355x503/catalog/product/m/f/mfluluslls14817_2_1.jpg
853,Women,"Jumpsuits, Playsuits And Rompers",NULL,Multi,https://d1it09c4puycyh.cloudfront.net/355x503/catalog/product/m/f/mfluluslls14817_2_1.jpg
863,Women,Denim,Dresses,Blue,https://d1it09c4puycyh.cloudfront.net/355x503/catalog/product/l/l/lls14966_1.jpg
863,Women,Denim,Dresses,Blue,https://d1it09c4puycyh.cloudfront.net/355x503/catalog/product/l/l/lls14966_1.jpg
863,Women,Denim,Dresses,Blue,https://d1it09c4puycyh.cloudfront.net/355x503/catalog/product/l/l/lls14966_1.jpg
863,Women,Denim,Dresses,Blue,https://d1it09c4puycyh.cloudfront.net/355x503/catalog/product/l/l/lls14966_1.jpg
865,Women,"Jumpsuits, Playsuits And Rompers",NULL,Blue,https://d1it09c4puycyh.cloudfront.net/355x503/catalog/product/l/l/lls14866_1.jpg
865,Women,"Jumpsuits, Playsuits And Rompers",NULL,Blue,https://d1it09c4puycyh.cloudfront.net/355x503/catalog/product/l/l/lls14866_1.jpg
865,Women,"Jumpsuits, Playsuits And Rompers",NULL,Blue,https://d1it09c4puycyh.cloudfront.net/355x503/catalog/product/l/l/lls14866_1.jpg
865,Women,"Jumpsuits, Playsuits And Rompers",NULL,Blue,https://d1it09c4puycyh.cloudfront.net/355x503/catalog/product/l/l/lls14866_1.jpg
879,Women,"Jumpsuits, Playsuits And Rompers",NULL,"8,60,853",https://d1it09c4puycyh.cloudfront.net/355x503/catalog/product/l/l/lls14816_2_1.jpg
879,Women,"Jumpsuits, Playsuits And Rompers",NULL,"8,60,853",https://d1it09c4puycyh.cloudfront.net/355x503/catalog/product/l/l/lls14816_2_1.jpg
879,Women,"Jumpsuits, Playsuits And Rompers",NULL,"8,60,853",https://d1it09c4puycyh.cloudfront.net/355x503/catalog/product/l/l/lls14816_2_1.jpg
879,Women,"Jumpsuits, Playsuits And Rompers",NULL,"8,60,853",https://d1it09c4puycyh.cloudfront.net/355x503/catalog/product/l/l/lls14816_2_1.jpg
886,Women,Dresses,NULL,Blue,https://d1it09c4puycyh.cloudfront.net/355x503/catalog/product/l/l/lls14821_2.jpg
886,Women,Dresses,NULL,Blue,https://d1it09c4puycyh.cloudfront.net/355x503/catalog/product/l/l/lls14821_2.jpg
886,Women,Dresses,NULL,Blue,https://d1it09c4puycyh.cloudfront.net/355x503/catalog/product/l/l/lls14821_2.jpg
886,Women,Dresses,NULL,Blue,https://d1it09c4puycyh.cloudfront.net/355x503/catalog/product/l/l/lls14821_2.jpg
907,Women,Dresses,NULL,Black,https://d1it09c4puycyh.cloudfront.net/355x503/catalog/product/m/f/mfluluslls14970_1.jpg
907,Women,Dresses,NULL,Black,https://d1it09c4puycyh.cloudfront.net/355x503/catalog/product/m/f/mfluluslls14970_1.jpg
907,Women,Dresses,NULL,Black,https://d1it09c4puycyh.cloudfront.net/355x503/catalog/product/m/f/mfluluslls14970_1.jpg
916,Women,Dresses,NULL,Red,https://d1it09c4puycyh.cloudfront.net/355x503/catalog/product/l/l/lls14957_1.jpg
916,Women,Dresses,NULL,Red,https://d1it09c4puycyh.cloudfront.net/355x503/catalog/product/l/l/lls14957_1.jpg
916,Women,Dresses,NULL,Red,https://d1it09c4puycyh.cloudfront.net/355x503/catalog/product/l/l/lls14957_1.jpg
920,Women,Coats And Jackets,Gilets,Brown,https://d1it09c4puycyh.cloudfront.net/355x503/catalog/product/8/9/8906079527726__-1.jpg
920,Women,Coats And Jackets,Gilets,Brown,https://d1it09c4puycyh.cloudfront.net/355x503/catalog/product/8/9/8906079527726__-1.jpg
927,Women,Tops,NULL,Blue,https://d1it09c4puycyh.cloudfront.net/355x503/catalog/product/m/f/mfluluslls14965_2.jpg
927,Women,Tops,NULL,Blue,https://d1it09c4puycyh.cloudfront.net/355x503/catalog/product/m/f/mfluluslls14965_2.jpg
927,Women,Tops,NULL,Blue,https://d1it09c4puycyh.cloudfront.net/355x503/catalog/product/m/f/mfluluslls14965_2.jpg
927,Women,Tops,NULL,Blue,https://d1it09c4puycyh.cloudfront.net/355x503/catalog/product/m/f/mfluluslls14965_2.jpg
927,Women,Tops,NULL,Blue,https://d1it09c4puycyh.cloudfront.net/355x503/catalog/product/m/f/mfluluslls14965_2.jpg
927,Women,Tops,NULL,Blue,https://d1it09c4puycyh.cloudfront.net/355x503/catalog/product/m/f/mfluluslls14965_2.jpg
924,Women,Dresses,NULL,"8,61,856",https://d1it09c4puycyh.cloudfront.net/355x503/catalog/product/m/f/mfluluslls14959_1.jpg
924,Women,Dresses,NULL,"8,61,856",https://d1it09c4puycyh.cloudfront.net/355x503/catalog/product/m/f/mfluluslls14959_1.jpg
924,Women,Dresses,NULL,"8,61,856",https://d1it09c4puycyh.cloudfront.net/355x503/catalog/product/m/f/mfluluslls14959_1.jpg
921,Women,Denim,Dresses,Blue,https://d1it09c4puycyh.cloudfront.net/355x503/catalog/product/8/9/8906079525326__-1_1.jpg
921,Women,Denim,Dresses,Blue,https://d1it09c4puycyh.cloudfront.net/355x503/catalog/product/8/9/8906079525326__-1_1.jpg
921,Women,Denim,Dresses,Blue,https://d1it09c4puycyh.cloudfront.net/355x503/catalog/product/8/9/8906079525326__-1_1.jpg
921,Women,Denim,Dresses,Blue,https://d1it09c4puycyh.cloudfront.net/355x503/catalog/product/8/9/8906079525326__-1_1.jpg
957,Women,Coats And Jackets,Jackets,Black,https://d1it09c4puycyh.cloudfront.net/355x503/catalog/product/l/l/lls14809_2.jpg
957,Women,Coats And Jackets,Jackets,Black,https://d1it09c4puycyh.cloudfront.net/355x503/catalog/product/l/l/lls14809_2.jpg
957,Women,Coats And Jackets,Jackets,Black,https://d1it09c4puycyh.cloudfront.net/355x503/catalog/product/l/l/lls14809_2.jpg
971,Women,Shirts,NULL,White,https://d1it09c4puycyh.cloudfront.net/355x503/catalog/product/l/l/lls14839_2.jpg
971,Women,Shirts,NULL,White,https://d1it09c4puycyh.cloudfront.net/355x503/catalog/product/l/l/lls14839_2.jpg
971,Women,Shirts,NULL,White,https://d1it09c4puycyh.cloudfront.net/355x503/catalog/product/l/l/lls14839_2.jpg
978,Women,Dresses,NULL,Multi,https://d1it09c4puycyh.cloudfront.net/355x503/catalog/product/l/s/lsg10_2.jpg
978,Women,Dresses,NULL,Multi,https://d1it09c4puycyh.cloudfront.net/355x503/catalog/product/l/s/lsg10_2.jpg
978,Women,Dresses,NULL,Multi,https://d1it09c4puycyh.cloudfront.net/355x503/catalog/product/l/s/lsg10_2.jpg
1019,Women,Coats And Jackets,Shrugs & Kimonos,Gold,https://d1it09c4puycyh.cloudfront.net/355x503/catalog/product/l/u/lum08wa_2.jpg
1019,Women,Coats And Jackets,Shrugs & Kimonos,Gold,https://d1it09c4puycyh.cloudfront.net/355x503/catalog/product/l/u/lum08wa_2.jpg
1019,Women,Coats And Jackets,Shrugs & Kimonos,Gold,https://d1it09c4puycyh.cloudfront.net/355x503/catalog/product/l/u/lum08wa_2.jpg
1038,Women,Jeans And Trousers,Trousers,White,https://d1it09c4puycyh.cloudfront.net/355x503/catalog/product/l/l/lls14812_2.jpg
1041,Women,Tops,NULL,Silver,https://d1it09c4puycyh.cloudfront.net/355x503/catalog/product/m/f/mfluluslls14802_4.jpg
1041,Women,Tops,NULL,Silver,https://d1it09c4puycyh.cloudfront.net/355x503/catalog/product/m/f/mfluluslls14802_4.jpg
1041,Women,Tops,NULL,Silver,https://d1it09c4puycyh.cloudfront.net/355x503/catalog/product/m/f/mfluluslls14802_4.jpg
1041,Women,Tops,NULL,Silver,https://d1it09c4puycyh.cloudfront.net/355x503/catalog/product/m/f/mfluluslls14802_4.jpg
1059,Women,Cardigans And Pullovers,Hoodies,Grey,https://d1it09c4puycyh.cloudfront.net/355x503/catalog/product/l/l/lls14945_2.jpg
1059,Women,Cardigans And Pullovers,Hoodies,Grey,https://d1it09c4puycyh.cloudfront.net/355x503/catalog/product/l/l/lls14945_2.jpg
1059,Women,Cardigans And Pullovers,Hoodies,Grey,https://d1it09c4puycyh.cloudfront.net/355x503/catalog/product/l/l/lls14945_2.jpg
1059,Women,Cardigans And Pullovers,Hoodies,Grey,https://d1it09c4puycyh.cloudfront.net/355x503/catalog/product/l/l/lls14945_2.jpg
1059,Women,Cardigans And Pullovers,Hoodies,Grey,https://d1it09c4puycyh.cloudfront.net/355x503/catalog/product/l/l/lls14945_2.jpg
1059,Women,Cardigans And Pullovers,Hoodies,Grey,https://d1it09c4puycyh.cloudfront.net/355x503/catalog/product/l/l/lls14945_2.jpg
1044,Women,Dresses,NULL,Beige,https://d1it09c4puycyh.cloudfront.net/355x503/catalog/product/m/f/mfluluslls14878_1.jpg
35088,Women,Tops,NULL,White,https://d1it09c4puycyh.cloudfront.net/355x503/catalog/product/8/9/8907813049979__-1.jpg
1044,Women,Dresses,NULL,Beige,https://d1it09c4puycyh.cloudfront.net/355x503/catalog/product/m/f/mfluluslls14878_1.jpg
1044,Women,Dresses,NULL,Beige,https://d1it09c4puycyh.cloudfront.net/355x503/catalog/product/m/f/mfluluslls14878_1.jpg
1114,Women,Dresses,NULL,"8,46,853",https://d1it09c4puycyh.cloudfront.net/355x503/catalog/product/m/f/mfluluslls14876_1.jpg
1114,Women,Dresses,NULL,"8,46,853",https://d1it09c4puycyh.cloudfront.net/355x503/catalog/product/m/f/mfluluslls14876_1.jpg
1114,Women,Dresses,NULL,"8,46,853",https://d1it09c4puycyh.cloudfront.net/355x503/catalog/product/m/f/mfluluslls14876_1.jpg
1154,Women,Jeans And Trousers,Trousers,Brown,https://d1it09c4puycyh.cloudfront.net/355x503/catalog/product/m/f/mfluluslls14992_1.jpg
1154,Women,Jeans And Trousers,Trousers,Brown,https://d1it09c4puycyh.cloudfront.net/355x503/catalog/product/m/f/mfluluslls14992_1.jpg
1154,Women,Jeans And Trousers,Trousers,Brown,https://d1it09c4puycyh.cloudfront.net/355x503/catalog/product/m/f/mfluluslls14992_1.jpg
1153,Women,Tops,NULL,"85,18,47,860",https://d1it09c4puycyh.cloudfront.net/355x503/catalog/product/m/f/mfluluslls14906_1.jpg
1153,Women,Tops,NULL,"85,18,47,860",https://d1it09c4puycyh.cloudfront.net/355x503/catalog/product/m/f/mfluluslls14906_1.jpg
1159,Women,Coats And Jackets,Denim Jackets,Blue,https://d1it09c4puycyh.cloudfront.net/355x503/catalog/product/m/f/mfluluslls14885_2.jpg
1153,Women,Tops,NULL,"85,18,47,860",https://d1it09c4puycyh.cloudfront.net/355x503/catalog/product/m/f/mfluluslls14906_1.jpg
1153,Women,Tops,NULL,"85,18,47,860",https://d1it09c4puycyh.cloudfront.net/355x503/catalog/product/m/f/mfluluslls14906_1.jpg
1159,Women,Coats And Jackets,Denim Jackets,Blue,https://d1it09c4puycyh.cloudfront.net/355x503/catalog/product/m/f/mfluluslls14885_2.jpg
1130,Women,Dresses,NULL,Black,https://d1it09c4puycyh.cloudfront.net/355x503/catalog/product/l/l/lls14808_1.jpg
1130,Women,Dresses,NULL,Black,https://d1it09c4puycyh.cloudfront.net/355x503/catalog/product/l/l/lls14808_1.jpg
1130,Women,Dresses,NULL,Black,https://d1it09c4puycyh.cloudfront.net/355x503/catalog/product/l/l/lls14808_1.jpg
1159,Women,Coats And Jackets,Denim Jackets,Blue,https://d1it09c4puycyh.cloudfront.net/355x503/catalog/product/m/f/mfluluslls14885_2.jpg
1180,Women,Two Piece Set,NULL,Grey,https://d1it09c4puycyh.cloudfront.net/355x503/catalog/product/l/l/lls14943_1.jpg
1180,Women,Two Piece Set,NULL,Grey,https://d1it09c4puycyh.cloudfront.net/355x503/catalog/product/l/l/lls14943_1.jpg
1180,Women,Two Piece Set,NULL,Grey,https://d1it09c4puycyh.cloudfront.net/355x503/catalog/product/l/l/lls14943_1.jpg
1180,Women,Two Piece Set,NULL,Grey,https://d1it09c4puycyh.cloudfront.net/355x503/catalog/product/l/l/lls14943_1.jpg
1181,Women,Dresses,NULL,Grey,https://d1it09c4puycyh.cloudfront.net/355x503/catalog/product/l/l/lls14890_1.jpg
1181,Women,Dresses,NULL,Grey,https://d1it09c4puycyh.cloudfront.net/355x503/catalog/product/l/l/lls14890_1.jpg
1181,Women,Dresses,NULL,Grey,https://d1it09c4puycyh.cloudfront.net/355x503/catalog/product/l/l/lls14890_1.jpg
1192,Women,Denim,Shorts,Blue,https://d1it09c4puycyh.cloudfront.net/355x503/catalog/product/l/l/lls14825_1.jpg
1192,Women,Denim,Shorts,Blue,https://d1it09c4puycyh.cloudfront.net/355x503/catalog/product/l/l/lls14825_1.jpg
1192,Women,Denim,Shorts,Blue,https://d1it09c4puycyh.cloudfront.net/355x503/catalog/product/l/l/lls14825_1.jpg
1192,Women,Denim,Shorts,Blue,https://d1it09c4puycyh.cloudfront.net/355x503/catalog/product/l/l/lls14825_1.jpg
1208,Women,Dresses,NULL,Brown,https://d1it09c4puycyh.cloudfront.net/355x503/catalog/product/l/l/lls15006_1.jpg
1208,Women,Dresses,NULL,Brown,https://d1it09c4puycyh.cloudfront.net/355x503/catalog/product/l/l/lls15006_1.jpg
1208,Women,Dresses,NULL,Brown,https://d1it09c4puycyh.cloudfront.net/355x503/catalog/product/l/l/lls15006_1.jpg
1208,Women,Dresses,NULL,Brown,https://d1it09c4puycyh.cloudfront.net/355x503/catalog/product/l/l/lls15006_1.jpg
1206,Women,Tops,NULL,Green,https://d1it09c4puycyh.cloudfront.net/355x503/catalog/product/l/l/lls14940_2.jpg
1206,Women,Tops,NULL,Green,https://d1it09c4puycyh.cloudfront.net/355x503/catalog/product/l/l/lls14940_2.jpg
1206,Women,Tops,NULL,Green,https://d1it09c4puycyh.cloudfront.net/355x503/catalog/product/l/l/lls14940_2.jpg
1206,Women,Tops,NULL,Green,https://d1it09c4puycyh.cloudfront.net/355x503/catalog/product/l/l/lls14940_2.jpg
1206,Women,Tops,NULL,Green,https://d1it09c4puycyh.cloudfront.net/355x503/catalog/product/l/l/lls14940_2.jpg
1206,Women,Tops,NULL,Green,https://d1it09c4puycyh.cloudfront.net/355x503/catalog/product/l/l/lls14940_2.jpg
1226,Women,Beachwear,NULL,"8,59,847",https://d1it09c4puycyh.cloudfront.net/355x503/catalog/product/m/f/mfluluslls14862_1.jpg
1226,Women,Beachwear,NULL,"8,59,847",https://d1it09c4puycyh.cloudfront.net/355x503/catalog/product/m/f/mfluluslls14862_1.jpg
1226,Women,Beachwear,NULL,"8,59,847",https://d1it09c4puycyh.cloudfront.net/355x503/catalog/product/m/f/mfluluslls14862_1.jpg
1226,Women,Beachwear,NULL,"8,59,847",https://d1it09c4puycyh.cloudfront.net/355x503/catalog/product/m/f/mfluluslls14862_1.jpg
1247,Women,Shirts,NULL,Brown,https://d1it09c4puycyh.cloudfront.net/355x503/catalog/product/l/l/lls14912_2.jpg
1247,Women,Shirts,NULL,Brown,https://d1it09c4puycyh.cloudfront.net/355x503/catalog/product/l/l/lls14912_2.jpg
1247,Women,Shirts,NULL,Brown,https://d1it09c4puycyh.cloudfront.net/355x503/catalog/product/l/l/lls14912_2.jpg
1247,Women,Shirts,NULL,Brown,https://d1it09c4puycyh.cloudfront.net/355x503/catalog/product/l/l/lls14912_2.jpg
1247,Women,Shirts,NULL,Brown,https://d1it09c4puycyh.cloudfront.net/355x503/catalog/product/l/l/lls14912_2.jpg
1261,Women,Beachwear,NULL,Black,https://d1it09c4puycyh.cloudfront.net/355x503/catalog/product/m/f/mfluluslls14857_1.jpg
1261,Women,Beachwear,NULL,Black,https://d1it09c4puycyh.cloudfront.net/355x503/catalog/product/m/f/mfluluslls14857_1.jpg
1261,Women,Beachwear,NULL,Black,https://d1it09c4puycyh.cloudfront.net/355x503/catalog/product/m/f/mfluluslls14857_1.jpg
1272,Women,Tops,NULL,"8,61,853",https://d1it09c4puycyh.cloudfront.net/355x503/catalog/product/l/l/lls14915_2.jpg
1295,Women,Dresses,NULL,Blue,https://d1it09c4puycyh.cloudfront.net/355x503/catalog/product/l/l/lls14893_1.jpg
1323,Women,Dresses,NULL,Blue,https://d1it09c4puycyh.cloudfront.net/355x503/catalog/product/l/s/lsd04_1.jpg
1323,Women,Dresses,NULL,Blue,https://d1it09c4puycyh.cloudfront.net/355x503/catalog/product/l/s/lsd04_1.jpg
